{"nodes":{"node:1":{"location":{"x":0,"y":0}},"node:10":{"location":{"x":904,"y":-5}},"node:8":{"location":{"x":904,"y":411}}},"selection":["node:1"],"view":{"scroll":{"x":-16.2609539031982422,"y":-25.0826549530029297},"visible_rect":{"max":{"x":1466.56396484375,"y":830.614990234375},"min":{"x":-15.2115421295166016,"y":-23.46392822265625}},"zoom":1.06898784637451172}}