{"nodes":{"node:1":{"location":{"x":0,"y":0}},"node:11":{"location":{"x":797,"y":15}},"node:3":{"location":{"x":304,"y":4}}},"selection":null,"view":{"scroll":{"x":-115.82025146484375,"y":-38.9542808532714844},"visible_rect":{"max":{"x":1413.2620849609375,"y":841.351806640625},"min":{"x":-111.487968444824219,"y":-37.4971847534179688}},"zoom":1.03885877132415771}}