{"nodes":{"node:1":{"location":{"x":1,"y":0}},"node:13":{"location":{"x":601,"y":0}},"node:5":{"location":{"x":201,"y":0}},"node:9":{"location":{"x":401,"y":0}}},"selection":["node:1","node:5"],"view":{"scroll":{"x":-75.6173171997070312,"y":-76.175933837890625},"visible_rect":{"max":{"x":893.24456787109375,"y":645.9334716796875},"min":{"x":-93.2445755004882812,"y":-93.93341064453125}},"zoom":0.810956776142120361}}