{"nodes":{"node:1":{"location":{"x":-145,"y":63}},"node:13":{"location":{"x":421,"y":35}},"node:17":{"location":{"x":629,"y":31}},"node:5":{"location":{"x":53,"y":35}},"node:9":{"location":{"x":239,"y":35}}},"selection":null,"view":{"scroll":{"x":-135.543243408203125,"y":-92.0110626220703125},"visible_rect":{"max":{"x":885.9425048828125,"y":613.31866455078125},"min":{"x":-180.724349975585938,"y":-122.681434631347656}},"zoom":0.749999880790710449}}