{"nodes":{"node:1":{"location":{"x":200,"y":-300}},"node:4":{"location":{"x":210,"y":60}}},"selection":null,"view":{"scroll":{"x":-127.924667358398438,"y":-350.371978759765625},"visible_rect":{"max":{"x":616.31011962890625,"y":147.299972534179688},"min":{"x":-117.310165405273438,"y":-321.29998779296875}},"zoom":1.09048235416412354}}