{"nodes":{"node:1":{"location":{"x":-49,"y":77}},"node:13":{"location":{"x":437,"y":23}},"node:17":{"location":{"x":591,"y":43}},"node:5":{"location":{"x":111,"y":35}},"node:9":{"location":{"x":271,"y":35}}},"selection":null,"view":{"scroll":{"x":-83.3768234252929688,"y":-3.0517578125e-05},"visible_rect":{"max":{"x":882.62841796875,"y":552.00006103515625},"min":{"x":-82.628387451171875,"y":-3.02436346828471869e-05}},"zoom":1.00905787944793701}}