{"nodes":{"node:1":{"location":{"x":0,"y":0}},"node:5":{"location":{"x":236,"y":6}},"node:9":{"location":{"x":597,"y":15}}},"selection":["node:1"],"view":{"scroll":{"x":-111.242645263671875,"y":-41.4849052429199219},"visible_rect":{"max":{"x":871.73187255859375,"y":374.323822021484375},"min":{"x":-89.0682907104492188,"y":-33.2155876159667969}},"zoom":1.24895894527435303}}