{"nodes":{"node:1":{"location":{"x":1,"y":0}},"node:13":{"location":{"x":709,"y":-1}},"node:5":{"location":{"x":165,"y":15}},"node:9":{"location":{"x":415,"y":-9}}},"selection":["node:1"],"view":{"scroll":{"x":-47.72320556640625,"y":-11.2425622940063477},"visible_rect":{"max":{"x":1251.846923828125,"y":521.21405029296875},"min":{"x":-51.8470420837402344,"y":-12.21405029296875}},"zoom":0.920461416244506836}}