{"nodes":{"node:1":{"location":{"x":-20,"y":95}},"node:13":{"location":{"x":530,"y":103}},"node:17":{"location":{"x":706,"y":143}},"node:5":{"location":{"x":146,"y":131}},"node:9":{"location":{"x":309,"y":147}}},"selection":null,"view":{"scroll":{"x":-44.3768119812011719,"y":0},"visible_rect":{"max":{"x":843.9783935546875,"y":552},"min":{"x":-43.97845458984375,"y":0}},"zoom":1.00905799865722656}}