{"nodes":{"node:1":{"location":{"x":1,"y":0}},"node:13":{"location":{"x":837,"y":30}},"node:5":{"location":{"x":223,"y":15}},"node:9":{"location":{"x":495,"y":6}}},"selection":["node:1"],"view":{"scroll":{"x":-60.9773445129394531,"y":-16.8645477294921875},"visible_rect":{"max":{"x":1267.8748779296875,"y":527.7720947265625},"min":{"x":-67.8754196166992188,"y":-18.7723522186279297}},"zoom":0.898371517658233643}}