{"nodes":{"node:1":{"location":{"x":200,"y":-300}},"node:4":{"location":{"x":210,"y":60}}},"selection":null,"view":{"scroll":{"x":-82.6675262451171875,"y":-408.65301513671875},"visible_rect":{"max":{"x":563.99664306640625,"y":147.29998779296875},"min":{"x":-64.9966506958007812,"y":-321.29998779296875}},"zoom":1.27187371253967285}}
