{"nodes":{"node:1":{"location":{"x":200,"y":-300}},"node:4":{"location":{"x":210,"y":60}},"node:5":{"location":{"x":0,"y":0}},"node:9":{"location":{"x":0,"y":0}}},"selection":null,"view":{"scroll":{"x":-17.2200775146484375,"y":0},"visible_rect":{"max":{"x":1401.844482421875,"y":600},"min":{"x":-17.8446407318115234,"y":0}},"zoom":0.964999973773956299}}
