{"nodes":{"node:1":{"location":{"x":200,"y":-300}},"node:5":{"location":{"x":0,"y":0}},"node:9":{"location":{"x":-200,"y":-303}}},"selection":null,"view":{"scroll":{"x":-596.976318359375,"y":-495.152435302734375},"visible_rect":{"max":{"x":515.34918212890625,"y":65.8983840942382812},"min":{"x":-397.9842529296875,"y":-330.101654052734375}},"zoom":1.49999988079071045}}