{"nodes":{"node:1":{"location":{"x":200,"y":-300}},"node:5":{"location":{"x":0,"y":0}},"node:9":{"location":{"x":-184,"y":-303}}},"selection":null,"view":{"scroll":{"x":-437.009063720703125,"y":-541.23687744140625},"visible_rect":{"max":{"x":514.19842529296875,"y":236.336990356445312},"min":{"x":-399.13494873046875,"y":-494.329681396484375}},"zoom":1.09489047527313232}}