{"nodes":{"node:50":{"location":{"x":0,"y":0}},"node:54":{"location":{"x":0,"y":0}},"node:58":{"location":{"x":215,"y":221}}},"selection":null,"view":{"scroll":{"x":31.4663867950439453,"y":75.380615234375},"visible_rect":{"max":{"x":378.466400146484375,"y":343.380615234375},"min":{"x":31.4663867950439453,"y":75.380615234375}},"zoom":1}}
