{"nodes":{"node:1":{"location":{"x":9,"y":-65}},"node:13":{"location":{"x":-96,"y":-31}},"node:5":{"location":{"x":121,"y":-63}},"node:9":{"location":{"x":40,"y":93}}},"selection":null,"view":{"scroll":{"x":-169.023849487304688,"y":-209.336090087890625},"visible_rect":{"max":{"x":287.31744384765625,"y":260.442626953125},"min":{"x":-112.682579040527344,"y":-139.557403564453125}},"zoom":1.49999988079071045}}